-- phpMyAdmin SQL Dump
-- version 5.2.1
-- https://www.phpmyadmin.net/
--
-- Host: 127.0.0.1
-- Generation Time: Jan 30, 2025 at 04:51 PM
-- Server version: 10.4.32-MariaDB
-- PHP Version: 8.0.30

SET SQL_MODE = "NO_AUTO_VALUE_ON_ZERO";
START TRANSACTION;
SET time_zone = "+00:00";


/*!40101 SET @OLD_CHARACTER_SET_CLIENT=@@CHARACTER_SET_CLIENT */;
/*!40101 SET @OLD_CHARACTER_SET_RESULTS=@@CHARACTER_SET_RESULTS */;
/*!40101 SET @OLD_COLLATION_CONNECTION=@@COLLATION_CONNECTION */;
/*!40101 SET NAMES utf8mb4 */;

--
-- Database: `shopping_cart`
--

-- --------------------------------------------------------

--
-- Table structure for table `basket`
--

CREATE TABLE `basket` (
  `id` int(50) NOT NULL,
  `bs_id` varchar(255) NOT NULL,
  `bs_unit` varchar(255) NOT NULL,
  `bs_price` varchar(250) NOT NULL,
  `bs_img` varchar(250) NOT NULL,
  `bs_address` varchar(250) NOT NULL,
  `bs_tal` varchar(10) NOT NULL,
  `bs_nameus` varchar(250) NOT NULL,
  `bs_iduser` int(11) NOT NULL,
  `date_save` timestamp NOT NULL DEFAULT current_timestamp()
) ENGINE=InnoDB DEFAULT CHARSET=utf8mb4 COLLATE=utf8mb4_general_ci;

--
-- Dumping data for table `basket`
--

INSERT INTO `basket` (`id`, `bs_id`, `bs_unit`, `bs_price`, `bs_img`, `bs_address`, `bs_tal`, `bs_nameus`, `bs_iduser`, `date_save`) VALUES
(13, '71,72', '1ชิ้น,1กล่อง', '233 บาท', '../bs_img/6797d16820a54.jpg', 'home', '0877945812', 'qqq', 10, '2025-01-27 18:33:12'),
(14, '69,70,72', '1ชิ้น,1ชิ้น,2กล่อง', '212 บาท', '../bs_img/6797d43ab8ebf.jpg', 'home', '0877945812', 'qqq', 10, '2025-01-27 18:45:14'),
(15, '69,70,72', '1ชิ้น,1ชิ้น,2กล่อง', '212 บาท', '../bs_img/6797d450dd458.jpg', 'home', '0877945812', 'qqq', 10, '2025-01-27 18:45:36'),
(16, '69,70,71', '2ชิ้น,2ชิ้น,1ชิ้น', '237 บาท', '../bs_img/679b9f1893af6.jpg', '11/23 ซ.5 ถ.สันติประชา อ.เมือง ต.ในเมือง จ.บุรีรัมย์ 31000', '0864714556', 'tanadet', 10, '2025-01-30 15:47:36');

-- --------------------------------------------------------

--
-- Table structure for table `tbl_bank`
--

CREATE TABLE `tbl_bank` (
  `b_id` int(11) NOT NULL,
  `b_name` varchar(100) NOT NULL,
  `b_type` varchar(100) NOT NULL,
  `b_number` int(20) NOT NULL,
  `b_owner` varchar(100) NOT NULL,
  `bn_name` varchar(100) NOT NULL,
  `b_logo` varchar(250) NOT NULL
) ENGINE=InnoDB DEFAULT CHARSET=utf8mb4 COLLATE=utf8mb4_general_ci;

--
-- Dumping data for table `tbl_bank`
--

INSERT INTO `tbl_bank` (`b_id`, `b_name`, `b_type`, `b_number`, `b_owner`, `bn_name`, `b_logo`) VALUES
(1, 'กรุงไทย', 'ออมทรัพย์', 2147483647, 'ธนเดช แผ้วพลสง', 'บุรีรัมย์', '45174272420250119_131806.webp');

-- --------------------------------------------------------

--
-- Table structure for table `tbl_member`
--

CREATE TABLE `tbl_member` (
  `member_id` int(11) NOT NULL,
  `m_user` varchar(20) NOT NULL,
  `m_pass` varchar(20) NOT NULL,
  `m_level` varchar(50) NOT NULL,
  `m_name` varchar(100) NOT NULL,
  `m_email` varchar(100) NOT NULL,
  `m_tel` varchar(20) NOT NULL,
  `m_address` varchar(200) NOT NULL,
  `m_img` varchar(250) NOT NULL,
  `date_save` timestamp NOT NULL DEFAULT current_timestamp()
) ENGINE=InnoDB DEFAULT CHARSET=utf8 COLLATE=utf8_general_ci;

--
-- Dumping data for table `tbl_member`
--

INSERT INTO `tbl_member` (`member_id`, `m_user`, `m_pass`, `m_level`, `m_name`, `m_email`, `m_tel`, `m_address`, `m_img`, `date_save`) VALUES
(5, 'tanadet', '150450', 'admin', 'ธนเดช แผ้วพลสง', 'tatadet9152@gmail.com', '0864714556', 'home', '188807863220250119_170240.png', '2025-01-19 10:02:40'),
(10, 'qqq', '123', 'member', 'tanadet', 'q@gmail.com', '0864714556', '11/23 ซ.5 ถ.สันติประชา อ.เมือง ต.ในเมือง จ.บุรีรัมย์ 31000', '204432762120250130_213511.png', '2025-01-19 16:10:39'),
(11, 'thtiti', '008899', 'admin', 'thiti klahan', 'thiti@gmail.com', '0644690061', 'home', '194213177920250121_115102.jpg', '2025-01-21 04:51:02'),
(13, 'tae', '150450', 'member', 'ธนเดช แผ้วพลสง', 'tatadet@gmail.com', '0877945812', 'home', '90819676020250124_144021.jpg', '2025-01-21 15:12:59'),
(14, 'tanadet15', '123456', 'member', 'ธนเดช แผ้วพลสง', 'tatade9152t@gmail.com', '0864714556', '357/47 ซ.3/8 ม.17 ต.อิสาณ อ.เมือง จ.บุรีรัมย์ ถ.บุรีรัมย์-สุรินทร์ 31000', '61611815820250123_192855.jpg', '2025-01-23 12:28:55');

-- --------------------------------------------------------

--
-- Table structure for table `tbl_product`
--

CREATE TABLE `tbl_product` (
  `p_id` int(11) NOT NULL,
  `p_name` varchar(200) NOT NULL,
  `type_id` int(11) NOT NULL,
  `p_detail` text NOT NULL,
  `p_img` varchar(200) NOT NULL,
  `p_price` int(11) NOT NULL,
  `p_qty` varchar(11) NOT NULL,
  `p_unit` varchar(20) NOT NULL,
  `p_view` int(10) NOT NULL DEFAULT 0,
  `datesave` timestamp NOT NULL DEFAULT current_timestamp()
) ENGINE=InnoDB DEFAULT CHARSET=utf8 COLLATE=utf8_general_ci;

--
-- Dumping data for table `tbl_product`
--

INSERT INTO `tbl_product` (`p_id`, `p_name`, `type_id`, `p_detail`, `p_img`, `p_price`, `p_qty`, `p_unit`, `p_view`, `datesave`) VALUES
(1, 'กบเหลาดินสอไฟฟ้าอัตโนมัติ ขนาด 6-8 มม', 2, 'กบเหลาดินสอไฟฟ้าอัตโนมัติ ขนาด 6-8 มม. สําหรับนักเรียน โรงเรียน สํานักงาน เครื่องเขียน', '89788035120250120_230048.webp', 122, '12', 'ชิ้น', 13, '2021-06-26 16:38:28'),
(2, 'ไม้บรรทัด', 1, 'ไม้บรรทัด', '95160011220250120_173538.jpg', 7, '10', 'ชิ้น', 11, '2021-06-26 16:46:13'),
(3, 'ดินสอ 2B (กล่อง12แท่ง) ตราม้า H-9100', 3, 'ดินสอ 2B (กล่อง12แท่ง) ตราม้า H-9100', '117993179020250120_175141.webp', 33, '10', 'กล่อง', 18, '2021-06-26 16:46:35'),
(4, 'ปากกา', 4, 'ปากกาลูกลื่น', '163516633620250120_173435.jpg', 5, '15', 'ชิ้น', 8, '2021-06-26 16:46:51'),
(5, 'ยางลบ', 5, 'ยางลบ Horse H-25', '34581577520250120_175721.webp', 5, '50', 'อัน', 0, '2025-01-20 10:57:21'),
(6, 'Deli 0668 เครื่องเหลาดินสอวินเทจ', 2, '+NICE= Deli 0668 เครื่องเหลาดินสอวินเทจ กบเหลาดเครื่องเหลาดินสอแฟชั่นแผงควบคุมเจใหญ่มือหมุน กบเหลาดินสอ', '15158410420250121_011319.webp', 445, '50', 'อัน', 4, '2025-01-20 11:05:34'),
(7, 'โปรแทรคเตอร์ไม้โปรสีขาว ขนาด 14 ซม. (12)', 1, 'โปรแทรคเตอร์ไม้โปรสีขาว ขนาด 14 ซม. (12)', '12033153320250120_182041.webp', 20, '50', 'ชิ้น', 1, '2025-01-20 11:20:41'),
(8, 'ฟุตเหล็ก ไม้บรรทัดเหล็ก SPV Stainless Hardened 12 นิ้ว  ( 1 ชิ้น )', 1, 'ฟุตเหล็ก ไม้บรรทัดเหล็ก SPV Stainless Hardened 12 นิ้ว  ( 1 ชิ้น )', '209308262820250120_192431.webp', 23, '50', 'ชิ้น', 2, '2025-01-20 12:24:31'),
(9, 'ไม้บรรทัดวาดรูป มุมกิจกรรม ไม้บรรทัดเรขาคณิตมัลติฟังก์ชั่น', 1, 'อุปกรณ์สํานักงาน 360 ° แม่แบบการวาดภาพวัดโปร่งใสที่สามารถเคลื่อนย้ายเด็กนักเรียน', '68042495520250120_192651.webp', 16, '16', 'ชิ้น', 2, '2025-01-20 12:26:51'),
(10, 'ปากกา Faster CX513 ขนาด 0.5 มม.หมีกสีน้ำเงิน 6 ด้าม', 4, 'ปากกา Faster CX513 ปากกาลูกลื่น ยี่ห้อฟาสเตอร์ ขนาด 0.5 มม.หมีกสีน้ำเงิน 6 ด้าม ปากกาฟาสเตอร์', '187305751020250120_201010.webp', 115, '50', 'กล่อง', 0, '2025-01-20 12:30:10'),
(12, 'ดินสอกด Pentel 0.5 มม. รุ่น Caplet A105 (1 แท่ง) ดินสอกด เพนเทล', 3, 'ดินสอกด Pentel 0.5 มม. รุ่น Caplet A105 (1 แท่ง) ดินสอกด เพนเทล', '73157460620250120_193426.webp', 23, '100', 'ชิ้น', 0, '2025-01-20 12:34:00'),
(13, 'ไส้ดินสอ Pentel ไส้ดินสอกด 0.5 มม. HB  Hi-Polymer SUPER (บรรจุ 12 ไส้) ', 3, 'ไส้ดินสอ Pentel ไส้ดินสอกด 0.5 มม. HB  Hi-Polymer SUPER (บรรจุ 12 ไส้) แกนดินสอ เพนเทล Lead Refill', '25227032620250120_195632.webp', 18, '45', 'ชิ้น', 0, '2025-01-20 12:35:48'),
(14, 'Elfen เอลเฟ่น ยางลบ ยางลบดินสอ EF350 จำนวน 50 ก้อน', 5, 'Elfen เอลเฟ่น ยางลบ ยางลบดินสอ EF350 จำนวน 50 ก้อน', '52317106420250120_193709.webp', 80, '40', 'กล่อง', 0, '2025-01-20 12:37:09'),
(15, 'ยางลบรถยนต์ ลบง่าย ยางลบแฟนซี สุ่มสี ราคาต่อชิ้น', 5, 'ยางลบรถยนต์ ลบง่าย ยางลบแฟนซี สุ่มสี ราคาต่อชิ้น', '176485222420250120_193847.webp', 4, '100', 'อัน', 1, '2025-01-20 12:38:47'),
(16, 'ยางลบช๊อคโกแลต Eraser เครื่องเขียน อุปกรณ์การเรียน', 5, 'ยางลบช๊อคโกแลต Eraser เครื่องเขียน อุปกรณ์การเรียน', '76329896320250120_194041.webp', 7, '50', 'ชิ้น', 1, '2025-01-20 12:40:41'),
(17, 'ยางลบ 4B สามเหลี่ยม ', 5, 'ยางลบ 4B สามเหลี่ยม ขาวดำ ศิลปะ อุปกรณ์สำนักงาน ยางลบ ลบสะอาด เครื่องเขียน นักเรียน ขายส่ง', '117636890320250120_195551.webp', 5, '60', 'ชิ้น', 0, '2025-01-20 12:43:22'),
(18, 'กล่องดินสออวกาศ กล่องดินสอแม่เหล็ก ', 6, 'กล่องดินสออวกาศ กล่องดินสอแม่เหล็ก ใส่เครื่องเขียน กล่องดินสอมัลติฟังก์ชั่นแปลงร่าง', '67123720020250120_195523.webp', 90, '15', 'กล่อง', 0, '2025-01-20 12:45:48'),
(19, 'กระเป๋าดินสอ ลายวันพีช  ', 6, 'กระเป๋าดินสอ ลายวันพีช ลิง สําหรับเด็ก กระเป๋าเครื่องเขียน กระเป๋าปากกา ลายการ์ตูนลูฟี่ จุของได้เยอะ สําหรับนักเรียน', '34973377420250120_195451.webp', 94, '20', 'กล่อง', 0, '2025-01-20 12:47:26'),
(20, 'กระเป๋าดินสอ ทรงกระบอก ตาข่าย  สไตล์เกาหลี', 6, 'กระเป๋าดินสอ ทรงกระบอก ตาข่าย กล่องดินสอ กล่องปากกา กระเป๋าใส่เครื่องเขียน กระเป๋าน่ารัก เกรดพรีเมี่ยม สไตล์เกาหลี', '145195331820250120_195406.webp', 48, '20', 'กล่อง', 0, '2025-01-20 12:48:17'),
(21, 'กล่องใส กล่องดินสอใส พลาสติกใส มี 2ขนาด/BOX-008', 6, 'กล่องใส กล่องดินสอใส พลาสติกใส กล่องอเนกประสงค์ มี 2ขนาด/BOX-008', '121358695220250120_195328.webp', 19, '20', 'อัน', 2, '2025-01-20 12:49:02'),
(22, 'Angel Mark ขนาดใหญ่-ความจุดินสอพร้อมรหัสผ่านล็อคปากกากล่องแบบพกพา ', 6, 'Angel Mark ขนาดใหญ่-ความจุดินสอพร้อมรหัสผ่านล็อคปากกากล่องแบบพกพา Organizer กล่องสําหรับนักเรียนโรงเรียนเครื่องเขียนอุปกรณ์', '13900639320250120_195241.webp', 100, '35', 'กล่อง', 0, '2025-01-20 12:50:08'),
(23, 'Deli 0574 กบเหลาดินสอรูปทรงสีเหลี่ยม (คละสี 1 ชิ้น) ', 2, 'Deli 0574 กบเหลาดินสอรูปทรงสีเหลี่ยม (คละสี 1 ชิ้น) กบเหลาดินสอ กบ เครื่องเขียน กบเหลาดินสอ', '126638085420250120_230242.webp', 9, '50', 'ชิ้น', 0, '2025-01-20 16:02:42'),
(24, 'พร้อมส่งกบเหลาดินสออัตโนมัติ ใช้ถ่านหรือ เสียบสาย USB ลายไดโนเสาร์', 2, 'พร้อมส่งกบเหลาดินสออัตโนมัติ ใช้ถ่านหรือ เสียบสาย USB ลายไดโนเสาร์', '154747429620250120_230403.webp', 169, '40', 'ชิ้น', 0, '2025-01-20 16:04:03'),
(25, 'เครื่องเขียน อุปกรณ์การเรียน ชุดเครื่องเขียน แพ็ค 5 ชิ้น', 7, 'เครื่องเขียน อุปกรณ์การเรียน ชุดเครื่องเขียน แพ็ค 5 ชิ้น (ดินสอ ยางลบ ไม้บรรทัด กบเหลา) ชุดดินสอ เด็ก ของเล่น อุปกรณ์การ', '105921360320250120_230636.webp', 10, '10', 'ชิ้น', 0, '2025-01-20 16:06:36'),
(26, 'กบเหลาดินสอการ์ตูนรวม กบเหลาดินสอ #M-0025', 2, 'กบเหลาดินสอการ์ตูนรวม กบเหลาดินสอ #M-0025', '95704908520250120_230805.webp', 2, '100', 'ชิ้น', 1, '2025-01-20 16:08:05'),
(27, 'เครื่องคิดเลข Casio fx-991ES PLUS-2', 8, 'เครื่องคิดเลข Casio fx-991ES PLUS-2 เครื่องคิดเลขวิทยาศาสตร์ Casio ของใหม่ ประกันศูนย์', '45273866220250121_005847.webp', 279, '40', 'ชิ้น', 1, '2025-01-20 17:58:47'),
(28, 'CASIO รุ่น FX-991EX เครื่องคิดเลขวิทยาศาสตร์', 8, 'CASIO รุ่น FX-991EX เครื่องคิดเลขวิทยาศาสตร์', '144658706020250121_010124.webp', 380, '50', 'ชิ้น', 1, '2025-01-20 18:01:24'),
(29, 'CASIO เครื่องคิดเลขขนาดใหญ่ 12 หลัก', 8, 'CASIO เครื่องคิดเลขขนาดใหญ่ 12 หลัก เครื่องคิดเลข ทน รุ่นยอดฮิต ใช้ได้ทั้งถ่านและโซล่าเซลล์ พร้อมส่ง AX-12B', '206752007220250121_010322.webp', 189, '50', 'ชิ้น', 0, '2025-01-20 18:03:22'),
(30, 'Casio Calculator เครื่องคิดเลข คาสิโอ รุ่น MX-8B', 8, 'Casio Calculator เครื่องคิดเลข คาสิโอ รุ่น MX-8B แบบตั้งโต๊ะ ขนาดกะทัดรัด 8 หลัก สีดำ', '84679848120250121_010613.webp', 225, '40', 'ชิ้น', 0, '2025-01-20 18:06:13'),
(31, 'Casio Calculator เครื่องคิดเลข คาสิโอ รุ่น DX-12-WBE สีขาว', 8, 'Casio Calculator เครื่องคิดเลข คาสิโอ รุ่น DX-12-WBE แบบตั้งโต๊ะ คุ้มค่า 12 หลัก สีขาว', '4128220120250121_010739.webp', 405, '50', 'ชิ้น', 0, '2025-01-20 18:07:39'),
(32, 'Casio Calculator เครื่องคิดเลข คาสิโอ', 8, 'Casio Calculator เครื่องคิดเลข คาสิโอ รุ่น DX-120ST แบบปรับหน้าจอได้ 12 หลัก สีเงิน', '97425008820250121_010848.webp', 570, '50', 'ชิ้น', 1, '2025-01-20 18:08:48'),
(33, 'Casio Calculator เครื่องคิดเลข คาสิโอ รุ่น FX-991ESPLUS-2-B', 8, 'Casio Calculator เครื่องคิดเลข คาสิโอ รุ่น FX-991ESPLUS-2-BU สำหรับนักเรียน นักศึกษา สมการ 3 ตัวแปร 10+2 หลัก สีฟ้า', '69456744320250121_011041.webp', 1235, '50', 'ชิ้น', 1, '2025-01-20 18:10:41'),
(34, 'Double A กระดาษถ่ายเอกสาร A5 80แกรม 500แผ่น', 9, 'Double A กระดาษถ่ายเอกสาร A5 80แกรม 500แผ่น', '141042951020250121_011948.webp', 75, '100', 'ชิ้น', 0, '2025-01-20 18:19:48'),
(35, 'Double A กระดาษถ่ายเอกสาร A4 80gsm 500 แผ่น จำหน่าย 5 รีม', 9, 'Double A กระดาษถ่ายเอกสาร A4 80gsm 500 แผ่น จำหน่าย 5 รีม', '29448808620250121_012045.webp', 610, '65', 'กล่อง', 1, '2025-01-20 18:20:45'),
(36, 'ONE กระดาษถ่ายเอกสาร A4 80 แกรม 5 รีม/แพ็ค', 9, 'ONE กระดาษถ่ายเอกสาร A4 80 แกรม 5 รีม/แพ็ค', '415312220250121_012207.webp', 509, '65', 'กล่อง', 0, '2025-01-20 18:22:07'),
(37, 'IDEA WORK กระดาถ่ายเอกสารไอเดีย เวิร์ค A4 80 แกรม (กล่อง 5 รีม)', 9, 'IDEA WORK กระดาถ่ายเอกสารไอเดีย เวิร์ค A4 80 แกรม (กล่อง 5 รีม)', '148290763520250121_012259.webp', 583, '40', 'กล่อง', 0, '2025-01-20 18:22:59'),
(38, 'กระดาษถ่ายเอกสาร A4 70 แกรม 5 รีม/ลัง (Delight)', 9, 'กระดาษถ่ายเอกสาร A4 70 แกรม 5 รีม/ลัง (Delight)', '76246212220250121_012704.webp', 407, '65', 'กล่อง', 0, '2025-01-20 18:27:04'),
(39, 'Elephant สมุด สมุดริมลวด A5 WP-102 70G 150S คละสี จำนวน 1 เล่ม', 10, 'Elephant สมุด สมุดริมลวด A5 WP-102 70G 150S คละสี จำนวน 1 เล่ม', '174555896920250121_012906.webp', 75, '100', 'ชิ้น', 0, '2025-01-20 18:29:06'),
(40, 'สมุดโน๊ตบุ๊ค หนังนิ่ม ขนาด A5 160 360 หน้า สไตล์เรโทร', 10, 'สมุดโน๊ตบุ๊ค หนังนิ่ม ขนาด A5 160 360 หน้า สไตล์เรโทร เครื่องเขียน สําหรับตั้งโต๊ะทํางาน ธุรกิจ โรงเรียน', '106781278920250121_013102.webp', 117, '64', 'ชิ้น', 0, '2025-01-20 18:31:02'),
(41, 'ปากกาเมจิกไฮไลท์ 2in1 เซ็ต 48สี 60สี และ80สี สีเข้มสดใส', 11, 'ปากกาเมจิกไฮไลท์ 2in1 เซ็ต 48สี 60สี และ80สี สีเข้มสดใส✏️✏️', '86194250520250121_013331.webp', 69, '25', 'กล่อง', 0, '2025-01-20 18:33:31'),
(42, 'ดินสอสีไม้ 72 สี Deli ดินสอสี สีไม้แท่งยาว กล่องเหล็ก สีเข้มสดใส เม็ดสีแน่น เครื่องเขียน อุปกรณ์วาดภาพ', 11, 'ดินสอสีไม้ 72 สี Deli ดินสอสี สีไม้แท่งยาว กล่องเหล็ก สีเข้มสดใส เม็ดสีแน่น เครื่องเขียน อุปกรณ์วาดภาพ', '81000025320250121_021900.webp', 635, '40', 'กล่อง', 0, '2025-01-20 19:19:00'),
(43, 'สีไม้ระบายน้ำ Deli ดินสอสีไม้ 36 สี', 11, 'สีไม้ระบายน้ำ Deli ดินสอสีไม้ 36 สี แท่งยาว กล่องเหล็ก แถมแปรงสีน้ำ พาเลทชุดระบายสี อุปกรณ์การเรียน อุปกรณ์เครื่องเขียน', '35605388720250121_022048.webp', 209, '56', 'กล่อง', 0, '2025-01-20 19:20:48'),
(44, 'ปากกาเจลสี 6 สี Deli ขนาดเส้น 0.5mm สีสันสุดน่ารัก!!!', 11, 'ปากกาเจลสี 6 สี Deli ขนาดเส้น 0.5mm สีสันสุดน่ารัก!!! อุปกรณ์การเรียน เครื่องเขียน G118-6C Gel pen 6 Colors', '149146553420250121_022215.webp', 159, '42', 'กล่อง', 0, '2025-01-20 19:22:15'),
(45, 'ดินสอสีไม้ 48 สี Deli ดินสอสีน้ำมัน', 11, 'ดินสอสีไม้ 48 สี Deli ดินสอสีน้ำมัน สีไม้ แท่งยาว รุ่นกระบอก กระปุก ไส้ใหญ่ สีเข้ม สดใส พกพาสะดวก อุปกรณ์ศิลปะ', '64449295320250121_022330.webp', 179, '49', 'กล่อง', 0, '2025-01-20 19:23:30'),
(46, 'Elephant กระดาษสติ๊กเกอร์ A4 แล็บสติ๊กเกอร์ จำนวน 15 แผ่น/ถุง', 9, 'Elephant กระดาษสติ๊กเกอร์ A4 แล็บสติ๊กเกอร์ จำนวน 15 แผ่น/ถุง', '13565445120250121_022901.webp', 29, '50', 'ชิ้น', 0, '2025-01-20 19:29:01'),
(47, 'Elephant แท่นตัดเทป แท่นเทปใส รุ่น L-02 จำนวน 1 แท่น', 12, 'Elephant แท่นตัดเทป แท่นเทปใส รุ่น L-02 จำนวน 1 แท่น', '78215488420250121_023006.webp', 88, '44', 'อัน', 1, '2025-01-20 19:30:06'),
(48, 'Master Art ไม้บรรทัด 12 นิ้ว เอ็มอาร์ 12 จำนวน 1 อัน', 1, 'Master Art ไม้บรรทัด 12 นิ้ว เอ็มอาร์ 12 จำนวน 1 อัน', '85131240920250121_023214.webp', 12, '100', 'แท่ง', 0, '2025-01-20 19:32:14'),
(49, 'Master Art ดำสอ ดินสอดำ 2B จำนวน 12 แท่ง', 3, 'Master Art ดำสอ ดินสอดำ 2B จำนวน 12 แท่ง', '4532404420250121_023346.webp', 34, '78', 'กล่อง', 0, '2025-01-20 19:33:46'),
(50, 'LIONA เทปขุ่น กว้าง 2 นิ้ว ยาว 45 หลา (1 ม้วน)', 12, 'LIONA เทปขุ่น กว้าง 2 นิ้ว ยาว 45 หลา (1 ม้วน)', '72451611420250121_024155.webp', 11, '45', 'ชิ้น', 0, '2025-01-20 19:34:58'),
(51, 'Deli ดินสอ เขียแรเงาไส้ดินสอ HB 2B สีดำ สีพาลเทล 10 แท่ง ', 3, 'Deli ดินสอ ดินสอไม้ เขียนแบบ แรเงาไส้ดินสอ HB 2B สีดำ สีพาลเทล 10 แท่ง เครื่องเขียน อุปกรณ์การเรียน Pencil', '11781108920250121_024012.webp', 59, '65', 'กล่อง', 0, '2025-01-20 19:40:12'),
(52, '3M 243J WASHI MASKING TAPE 18mmX18M เทปวาชิ รุ่น 243 ขนาด 18 มิล ยาว 18 เมตร', 12, '3M 243J WASHI MASKING TAPE 18mmX18M เทปวาชิ รุ่น 243 ขนาด 18 มิล ยาว 18 เมตร', '171737197320250121_024124.webp', 50, '61', 'ชิ้น', 0, '2025-01-20 19:41:24'),
(53, 'ONE กระดาษการ์ดสี A4 150 แกรม ชมพู (แพ็ค200แผ่น)', 9, 'ONE กระดาษการ์ดสี A4 150 แกรม ชมพู (แพ็ค200แผ่น)', '10267141120250121_024342.webp', 235, '99', 'ชิ้น', 0, '2025-01-20 19:43:42'),
(54, 'Master Art สีโปสเตอร์ ชุดสีโปสเตอร์ 15 มล. 12 สี กล่องพลาสติก จำนวน 1 ชุด', 11, 'Master Art สีโปสเตอร์ ชุดสีโปสเตอร์ 15 มล. 12 สี กล่องพลาสติก จำนวน 1 ชุด', '22509022120250121_024521.webp', 123, '98', 'กล่อง', 0, '2025-01-20 19:45:21'),
(55, 'Winsor&Newton สีน้ำมัน วินตั้น 37 มล. 46 เฉดสี จำนวน 1 หลอด', 11, 'Winsor&Newton สีน้ำมัน วินตั้น 37 มล. 46 เฉดสี จำนวน 1 หลอด', '42211542620250121_024635.webp', 132, '97', 'กล่อง', 0, '2025-01-20 19:46:35'),
(56, 'ปากกามาร์กเกอร์ 2.8 มม. กันน้ํา สีดํา สําหรับรถยนต์ DIY', 11, 'ปากกามาร์กเกอร์ 2.8 มม. กันน้ํา สีดํา สําหรับรถยนต์ DIY', '208697451020250121_024809.webp', 156, '53', 'กล่อง', 0, '2025-01-20 19:48:09'),
(57, 'เทปกาวพิมพ์ระวังแตก(Tape) กว้าง 2 นิ้ว ยาว 100 หลา (1 ม้วน)', 12, 'เทปกาวพิมพ์ระวังแตก(Tape) กว้าง 2 นิ้ว ยาว 100 หลา (1 ม้วน)', '102864213820250121_024932.webp', 55, '55', 'ชิ้น', 0, '2025-01-20 19:49:32'),
(58, 'เทปกาวพิมพ์ระวังแตก(Tape) กว้าง 2 นิ้ว ยาว 100 หลา (1 ม้วน)', 12, 'เทปกาวพิมพ์ระวังแตก(Tape) กว้าง 2 นิ้ว ยาว 100 หลา (1 ม้วน)', '121820911720250121_025017.webp', 55, '56', 'ชิ้น', 0, '2025-01-20 19:50:17'),
(59, 'เทปกาวพิมพ์ระวังแตก(Tape) กว้าง 2 นิ้ว ยาว 100 หลา (1 ม้วน)', 12, 'เทปกาวพิมพ์ระวังแตก(Tape) กว้าง 2 นิ้ว ยาว 100 หลา (1 ม้วน)', '28401441420250121_025108.webp', 55, '65', 'ชิ้น', 0, '2025-01-20 19:51:08'),
(60, 'ตราม้า ปากกาเคมี Horse 2 หัว หลายสี', 11, 'ตราม้า ปากกาเคมี Horse 2 หัว หลายสี', '147121167020250121_025435.webp', 11, '97', 'ชิ้น', 0, '2025-01-20 19:52:14'),
(61, 'ตราม้า ปากกาเคมี Horse 2 หัว หลายสี', 11, 'ตราม้า ปากกาเคมี Horse 2 หัว หลายสี', '65959188120250121_025423.webp', 11, '65', 'ชิ้น', 0, '2025-01-20 19:53:28'),
(62, 'เทปลบคำผิด ลิควิดเทป แพ็ค 6 ชิ้น การ์ตูน อย่างดี 5มม.', 5, 'เทปลบคำผิด ลิควิดเทป ความจุขนาดใหญ่ มัลติฟังก์ชั่น ลิควิด แพ็ค 6 ชิ้น การ์ตูน อย่างดี 5มม.', '165116885720250121_030226.webp', 59, '52', 'ชิ้น', 0, '2025-01-20 19:58:03'),
(63, 'Bacon - เทปลบคำผิด แบบเทป ลิควิดเทป ลิควิด หน้าเทปกว้าง 5 มม. ความยาว36เมตร (แพ็ค 6 ชิ้น)', 5, 'Bacon - เทปลบคำผิด แบบเทป ลิควิดเทป ลิควิด หน้าเทปกว้าง 5 มม. ความยาว36เมตร (แพ็ค 6 ชิ้น)', '36935059720250121_030158.webp', 195, '45', 'ชิ้น', 0, '2025-01-20 19:59:57'),
(64, 'สมุดโน้ตบุ๊ก A5 /B5สมุดจดบันทึกสันห่วง ปก pp  60แผ่น เ', 10, 'สมุดโน้ตบุ๊ก A5 /B5สมุดจดบันทึกสันห่วง ปก pp  60แผ่น เรียบง่าย ถอดออกได้ แบบมีเส้น', '209715071720250121_030420.webp', 33, '55', 'เล่ม', 0, '2025-01-20 20:04:20'),
(65, 'M&G บันทึกโพสต์อิท 4 สี 100 ชิ้น, โพสต์อิทโน้ต 76*51 มม.', 9, 'M&G บันทึกโพสต์อิท 4 สี 100 ชิ้น, โพสต์อิทโน้ต 76*51 มม., บันทึกเหนียวตลาดมวล, บันทึกข้อความ N-time, Notepads Single Volume M และ G', '200795105220250121_030708.webp', 1, '200', 'อัน', 0, '2025-01-20 20:07:08'),
(66, 'Elephant เครื่องเย็บกระดาษ พับเก็บได้ NO.PT-10 พาสเทล จำนวน 1 เครื่อง', 14, 'Elephant เครื่องเย็บกระดาษ พับเก็บได้ NO.PT-10 พาสเทล จำนวน 1 เครื่อง', '106464643520250121_030859.webp', 55, '25', 'ชิ้น', 0, '2025-01-20 20:08:59'),
(67, 'Elephant เครื่องเย็บกระดาษ สำหรับงานหนัก No.DS23S20 FL จำนวน 1 เครื่อง', 14, 'Elephant เครื่องเย็บกระดาษ สำหรับงานหนัก No.DS23S20 FL จำนวน 1 เครื่อง', '204995845020250121_030955.webp', 1560, '50', 'ชิ้น', 0, '2025-01-20 20:09:55'),
(68, 'Deli ปืนยิงกาวไฟฟ้า ปืนยิงกาวร้อน 20W 40W กาวร้อนอย่างดี 7mm', 15, 'Deli ปืนยิงกาวไฟฟ้า ปืนยิงกาวร้อน 20W 40W กาวร้อนอย่างดี 7mm มีสวิตซ์ปิดเปิด ร้อนเร็ว 2นาที Glue Gun', '79253220420250121_031148.webp', 255, '61', 'ชิ้น', 0, '2025-01-20 20:11:48'),
(69, 'Elephant กาว กาวลาเท็กซ์ แบบขวดบีบ จำนวน 1 ขวด', 15, 'Elephant กาว กาวลาเท็กซ์ แบบขวดบีบ จำนวน 1 ขวด', '167277515720250121_031249.webp', 30, '50', 'ชิ้น', 0, '2025-01-20 20:12:49'),
(70, 'Elephant กาว กาวแท่ง Sticko 8 กรัม ', 15, 'Elephant กาว กาวแท่ง Sticko 8 กรัม', '25604716720250127_215730.webp', 14, '93', 'ชิ้น', 6, '2025-01-20 20:14:00'),
(71, 'Deli ปืนยิงกาว 20W สำหรับกาวแท่งขนาด 7 mm', 15, 'Deli ปืนยิงกาว 20W สำหรับกาวแท่งขนาด 7 mm มีวาวล์สำหรับกันกาวไหล ร้อนเร็ว ใช้งานง่าย ปืนยิงกาวไฟฟ้า Glue Gun', '85998037320250121_031535.webp', 149, '41', 'ชิ้น', 7, '2025-01-20 20:15:35'),
(72, 'Mitsushi 50 ชิ้น 7 มิลลิเมตรกาวร้อน กาวแท่ง 7mm ใช้กับปืนแท่งปืนกาว 40W', 15, 'Mitsushi 50 ชิ้น 7 มิลลิเมตรกาวร้อน กาวแท่ง 7mm ใช้กับปืนแท่งปืนกาว 40W', '1219523820250121_031848.webp', 84, '40', 'กล่อง', 3, '2025-01-20 20:18:48');

-- --------------------------------------------------------

--
-- Table structure for table `tbl_type`
--

CREATE TABLE `tbl_type` (
  `type_id` int(11) NOT NULL,
  `type_name` varchar(100) NOT NULL
) ENGINE=InnoDB DEFAULT CHARSET=utf8 COLLATE=utf8_general_ci;

--
-- Dumping data for table `tbl_type`
--

INSERT INTO `tbl_type` (`type_id`, `type_name`) VALUES
(1, 'ไม้บรรทัด'),
(2, 'กบเหลา'),
(3, 'ดินสอ'),
(4, 'ปากกา'),
(5, 'ยางลบ/ปากกาลบคำผิด'),
(6, 'กล่องใส่ดินสอ'),
(8, 'เครื่องคิดเลข'),
(9, 'กระดาษ'),
(10, 'สมุด/หนังสือ'),
(11, 'สี/ปากกาเมจิ'),
(12, 'เทปใส/เทปขุ่น'),
(13, 'ปากกาลบคำผิด'),
(14, 'เครื่องเย็บกระดาษ'),
(15, 'กาว');

--
-- Indexes for dumped tables
--

--
-- Indexes for table `basket`
--
ALTER TABLE `basket`
  ADD PRIMARY KEY (`id`);

--
-- Indexes for table `tbl_bank`
--
ALTER TABLE `tbl_bank`
  ADD PRIMARY KEY (`b_id`);

--
-- Indexes for table `tbl_member`
--
ALTER TABLE `tbl_member`
  ADD PRIMARY KEY (`member_id`);

--
-- Indexes for table `tbl_product`
--
ALTER TABLE `tbl_product`
  ADD PRIMARY KEY (`p_id`);

--
-- Indexes for table `tbl_type`
--
ALTER TABLE `tbl_type`
  ADD PRIMARY KEY (`type_id`);

--
-- AUTO_INCREMENT for dumped tables
--

--
-- AUTO_INCREMENT for table `basket`
--
ALTER TABLE `basket`
  MODIFY `id` int(50) NOT NULL AUTO_INCREMENT, AUTO_INCREMENT=17;

--
-- AUTO_INCREMENT for table `tbl_bank`
--
ALTER TABLE `tbl_bank`
  MODIFY `b_id` int(11) NOT NULL AUTO_INCREMENT, AUTO_INCREMENT=5;

--
-- AUTO_INCREMENT for table `tbl_member`
--
ALTER TABLE `tbl_member`
  MODIFY `member_id` int(11) NOT NULL AUTO_INCREMENT, AUTO_INCREMENT=15;

--
-- AUTO_INCREMENT for table `tbl_product`
--
ALTER TABLE `tbl_product`
  MODIFY `p_id` int(11) NOT NULL AUTO_INCREMENT, AUTO_INCREMENT=73;

--
-- AUTO_INCREMENT for table `tbl_type`
--
ALTER TABLE `tbl_type`
  MODIFY `type_id` int(11) NOT NULL AUTO_INCREMENT, AUTO_INCREMENT=16;
COMMIT;

/*!40101 SET CHARACTER_SET_CLIENT=@OLD_CHARACTER_SET_CLIENT */;
/*!40101 SET CHARACTER_SET_RESULTS=@OLD_CHARACTER_SET_RESULTS */;
/*!40101 SET COLLATION_CONNECTION=@OLD_COLLATION_CONNECTION */;
